pH,voltage
0.0,2.001561
7.0,2.000293
14.0,1.997518
