pH (pH),Voltage (V)
0.0,1.851298
7.0,1.851586
14.0,1.851347
