Total Dissolved Solids (ppm),Voltage (V)
0.0,1.850588
500.0,1.850483
1000.0,1.851113
