ppm,voltage
0.0,1.998681
500.0,1.999467
1000.0,1.996013
