Turbidity (NTU),Voltage (V)
0.0,1.848590
100.0,1.848788
200.0,1.849300
