NTU,voltage
0.0,2.000572
100.0,1.999714
200.0,2.002337
